ref_slug,ref_name,ref_current_assignment,deanery
a-amal-raj,A Amal Raj,Diocesan Parish Priest,
a-antony-jerald,A Antony Jerald,"Assistant Parish Priest, Little Mount",
a-j-thomas-antony,A J Thomas Antony,"Assistant Parish Priest, Thiruvottiyur",
a-john-andrew,A John Andrew,"Parish Priest, Susaipuram",
a-johnson,A Johnson,"Parish Priest, Veppampattu",
a-maria-devanesan,A Maria Devanesan,Catechetical Commission; Family Commission,
a-maria-soosai,A Maria Soosai,"Assistant Parish Priest, Srinivasa Nagar",
a-mariya-prem-anbarasan,A Mariya Prem Anbarasan,Youth Commission,
a-micheal-andrews,A Micheal Andrews,"Assistant Parish Priest, Sastri Nagar",
a-premraj,A Premraj,Bible Commission,
a-ritchie-vincent,A Ritchie Vincent,Assistant to Director — Pastoral Centre,
albert-benedict-nathan-r,Albert Benedict Nathan R,Diocesan Parish Priest,
albert-jude-j,Albert Jude J,Diocesan Parish Priest,
alexander-a,Alexander A,Diocesan Asst Parish Priest,
ambrose-c-c,Ambrose C C,Diocesan Parish Priest,
andrew-dominic,Andrew Dominic,Diocesan Parish Priest,
anthony-b,Anthony B,Seafarers Welfare Association,
anthony-raj-b-i,Anthony Raj B I,Diocesan Parish Priest,
anthony-raj-t,Anthony Raj T,Diocesan Parish Priest,
anthony-raj-v,Anthony Raj V,Diocesan Parish Priest,
anthonysamy-g-j,Anthonysamy G J,Diocesan Parish Priest,
antony-doss-l,Antony Doss L,"Parish Priest, Chintadripet",
antony-lawrence-jdh,Antony Lawrence JDH,"Assistant Parish Priest, Puzhal",
antony-pancras,Antony Pancras,On leave,
arokia-velankanni-stalin,Arokia Velankanni Stalin,Diocesan Parish Priest,
arokiaraj-r,Arokiaraj R,Diocesan Parish Priest,
arokiaraj-y-s,Arokiaraj Y S,Diocesan Parish Priest,
arputhasamy-m-s,Arputhasamy M S,,
arul-jesu-doss-k,Arul Jesu Doss K,Diocesan Parish Priest,
arul-raj-d,Arul Raj D,Diocesan Parish Priest,
arul-selvam-d,Arul Selvam D,Diocesan Parish Priest,
arulappa-e,Arulappa E,Diocesan Parish Priest,
arun-durai-a,Arun Durai A,Diocesan Parish Priest,
asir-arputharajan-d,Asir Arputharajan D,Diocesan Parish Priest,
austin-jose-albert-d,Austin Jose Albert D,Diocesan Parish Priest,
b-stephen,B Stephen,"Parish Priest, Bharathiyar Nagar",
balasamy-m,Balasamy M,"Parish Priest, Maduravoyal",
balraj-s,Balraj S,Diocesan Parish Priest,
benjamin-soosai-s,Benjamin Soosai S,Diocesan Parish Priest,
bernard-lawrence,Bernard Lawrence,Diocesan Parish Priest,
bosco-y-f,Bosco Y F,Diocesan Parish Priest,
charles-anandaraj-f,Charles Anandaraj F,Diocesan Parish Priest,
charles-david-immanuel,Charles David Immanuel,"Rector — Propaedeutic Seminary, Poonamallee",
charles-kumar-n-a,Charles Kumar N A,Diocesan Parish Priest,
charles-p,Charles P,Diocesan Parish Priest,
chinnappa-carasala,Chinnappa Carasala,Diocesan Parish Priest,
christhu-raj-o-j,Christhu Raj O J,"Parish Priest, Roshanagaram",
clement-balasamy-t,Clement Balasamy T,Diocesan Parish Priest,
d-andrew,D Andrew,"Parish Priest, Guindy",
daniel-simonraj,Daniel Simonraj,On leave,
edward-raj-s,Edward Raj S,Diocesan Parish Priest,
edward-santhosh-kumar-m,Edward Santhosh Kumar M,Diocesan Parish Priest,
edward-selvaraj-j,Edward Selvaraj J,Diocesan Parish Priest,
eucharist-f-j-x,Eucharist F J X,Diocesan Parish Priest,
felix-philip,Felix Philip,Diocesan Parish Priest,
francis-michael,Francis Michael,Diocesan Parish Priest,
g-a-arulappan,G A Arulappan,"Parish Priest, Lakshmipuram",
g-j-jasper,G J Jasper,"Assistant Parish Priest, Luz",
g-jeswin-raj,G Jeswin Raj,"Assistant Parish Priest, Besant Nagar",
geo-patrick,Geo Patrick,"Parish Priest, Nammalwarpet",
gerard-majella-d,Gerard Majella D,Diocesan Parish Priest,
gilbert-joe,Gilbert Joe,Diocesan Parish Priest,
greith-mathews-t,Greith Mathews T,Diocesan Parish Priest,
helson-vishal-omd,Helson Vishal OMD,"Assistant Parish Priest, Tondiarpet",
henry-felix-a,Henry Felix A,Diocesan Parish Priest,
i-semon-sylvester,I Semon Sylvester,"Parish Priest, Thiruvalangadu",
jose-v-thomas,Jose V Thomas,On leave,
joseph-albert,Joseph Albert,"Parish Priest, Minjur",
jude-pragasam,Jude Pragasam,"Parish Priest, Gandhi Nagar",
k-akash-raj,K Akash Raj,"Assistant Parish Priest, Kasimode",
k-m-allwin,K M Allwin,"Parish Priest, Gummidipoondi",
k-p-titu,K P Titu,"Assistant Parish Priest, Nungambakkam",
l-anto-idhaya-jenish,L Anto Idhaya Jenish,"Assistant Parish Priest, Kilpauk",
l-dyson-raja-rathinam,L Dyson Raja Rathinam,"Parish Priest, K G Kandigai",
leo-joseph,Leo Joseph,Superintendent of RC Schools,
m-antony-anand,M Antony Anand,"Assistant Parish Priest, Chinmaya Nagar",
m-v-jacob,M V Jacob,"Parish Priest, Tondiarpet",
martin-innaiah-omd,Martin Innaiah OMD,"Assistant Parish Priest, Kamaraj Nagar",
mla-maria-john-bosco,MLA Maria John Bosco,"Parish Priest, Ambattur",
p-a-francis-xavier,P A Francis Xavier,"Parish Priest, Choolai",
p-a-jacob,P A Jacob,"Parish Priest, Villivakkam",
p-k-alex-sagayaraj,P K Alex Sagayaraj,"Higher studies — Spirituality and Counselling, Pune",
patrick-i-joseph,Patrick I Joseph,"Parish Priest, Porur",
perianagaya-irudayaraj,Perianagaya Irudayaraj,"Parish Priest, Royapettah",
r-antony-jayakumar,R Antony Jayakumar,"Assistant Parish Priest, Velachery",
r-christopher,R Christopher,"Assistant Parish Priest, Vepery - St Joseph's",
r-varun-richard,R Varun Richard,"Parish Priest, Thozhudavur",
raymond-peter,Raymond Peter,"Parish Priest, Thiruvottiyur",
s-alexraj,S Alexraj,Sacred Heart Seminary — Poonamallee,
s-antony-rozrio-joshwa,S Antony Rozrio Joshwa,"Assistant Parish Priest, K G Kandigai",
s-joseph-george-louis,S Joseph George Louis,"Assistant Parish Priest, Anna Nagar",
s-maria-antony-robinston,S Maria Antony Robinston,"Assistant Parish Priest, Santhome",
s-ronald-richard,S Ronald Richard,"Higher studies — Pastoral Theology, Milan",
s-thomas-deepak,S Thomas Deepak,"Assistant Parish Priest, Erukkanchery",
s-x-amalraj,S X Amalraj,"Parish Priest, Adyar",
santhiya-philomone-csc,Santhiya Philomone CSC,"Assistant Parish Priest, Avadi",
sundar-hgn,Sundar HGN,"Assistant Parish Priest, Kodambakkam",
t-samuel-richard,T Samuel Richard,"Assistant Parish Priest, Egmore",
t-swaminathan,T Swaminathan,Financial Administrator — Besant Nagar,
v-amarnath,V Amarnath,"Assistant Parish Priest, Peravallur",
v-andrew-thomas,V Andrew Thomas,"Assistant Parish Priest, Nesapakkam",
v-vivek-leveil-de-rossi,V Vivek Leveil De Rossi,"Assistant Parish Priest, Raja Annamalaipuram",
victor-ramesh,Victor Ramesh,MSSS,
y-deepak-raj,Y Deepak Raj,"Assistant Parish Priest, Maduravoyal",
